country,num_players,avg_overall,avg_value
England,241,80.86721991701245,31.7
France,89,80.08988764044943,25.507865168539325
Germany,135,80.38518518518518,27.972592592592594
Italy,191,80.26701570680628,24.648691099476437
Netherlands,24,79.20833333333333,20.945833333333333
Portugal,42,79.64285714285714,23.214285714285715
Spain,191,80.7434554973822,26.523036649214657
Switzerland,1,77.0,14.5
Turkey,24,78.66666666666667,13.929166666666667
